{
    "index": 2,
    "ts_iso": "2026-02-06T14:02:55.041455",
    "trigger": "auto",
    "color_ts": 1770404574430.392,
    "color_ts_domain": "timestamp_domain.global_time",
    "color_fn": 154,
    "depth_ts": 1770404574430.329,
    "depth_ts_domain": "timestamp_domain.global_time",
    "depth_fn": 150,
    "depth_units": 0.0010000000474974513,
    "infra1_ts": 1770404574430.329,
    "infra1_ts_domain": "timestamp_domain.global_time",
    "infra1_fn": 148,
    "infra2_ts": 1770404574430.329,
    "infra2_ts_domain": "timestamp_domain.global_time",
    "infra2_fn": 148,
    "accel": {
        "x": -0.3922659754753113,
        "y": -9.747809410095215,
        "z": -0.5687856674194336
    },
    "gyro": {
        "x": -0.003728023264557123,
        "y": -0.006391395349055529,
        "z": -0.004792673978954554
    }
}